<?xml version="1.0" encoding="UTF-8"?>
<project-private xmlns="http://www.netbeans.org/ns/project-private/1">
    <editor-bookmarks xmlns="http://www.netbeans.org/ns/editor-bookmarks/2" lastBookmarkId="0"/>
    <open-files xmlns="http://www.netbeans.org/ns/projectui-open-files/2">
        <group>
            <file>file:/C:/Proyecto_2020/POS/web/tipoproducto-list.jsp</file>
            <file>file:/C:/Proyecto_2020/POS/src/java/org/controllers/TipoProductoController.java</file>
            <file>file:/C:/Proyecto_2020/POS/web/usuarios-list.jsp</file>
        </group>
    </open-files>
</project-private>
